	time_stamp	RAM Total	RAM Used	RAM Cache	RAM Free	SWAP Used	DateTime
0	1675167030.781	968.828Mb	238.418Mb	439.043Mb	291.367Mb	0.000Mb	2023-01-31 14:10:30.781
1	1675167045.781	968.828Mb	238.418Mb	439.043Mb	291.367Mb	0.000Mb	2023-01-31 14:10:45.781
2	1675167060.781	968.828Mb	238.418Mb	439.043Mb	291.367Mb	0.000Mb	2023-01-31 14:11:00.781
3	1675167075.781	968.828Mb	238.418Mb	439.043Mb	291.367Mb	0.000Mb	2023-01-31 14:11:15.781
4	1675167090.781	968.828Mb	238.418Mb	439.043Mb	291.367Mb	0.000Mb	2023-01-31 14:11:30.781
5	1675167105.781	968.828Mb	238.621Mb	439.059Mb	291.148Mb	0.000Mb	2023-01-31 14:11:45.781
6	1675167120.781	968.828Mb	243.195Mb	439.887Mb	285.746Mb	0.000Mb	2023-01-31 14:12:00.781
7	1675167135.781	968.828Mb	239.488Mb	439.902Mb	289.438Mb	0.000Mb	2023-01-31 14:12:15.781
8	1675167150.781	968.828Mb	247.828Mb	439.918Mb	281.082Mb	0.000Mb	2023-01-31 14:12:30.781
9	1675167165.781	968.828Mb	248.266Mb	439.934Mb	280.629Mb	0.000Mb	2023-01-31 14:12:45.781
10	1675167180.781	968.828Mb	249.695Mb	439.953Mb	279.180Mb	0.000Mb	2023-01-31 14:13:00.781
11	1675167195.781	968.828Mb	249.688Mb	439.961Mb	279.180Mb	0.000Mb	2023-01-31 14:13:15.781
12	1675167210.781	968.828Mb	249.688Mb	439.961Mb	279.180Mb	0.000Mb	2023-01-31 14:13:30.781
13	1675167225.781	968.828Mb	249.906Mb	439.961Mb	278.961Mb	0.000Mb	2023-01-31 14:13:45.781
14	1675167240.781	968.828Mb	249.906Mb	439.961Mb	278.961Mb	0.000Mb	2023-01-31 14:14:00.781
15	1675167255.781	968.828Mb	249.973Mb	440.605Mb	278.250Mb	0.000Mb	2023-01-31 14:14:15.781
16	1675167270.781	968.828Mb	243.031Mb	440.758Mb	285.039Mb	0.000Mb	2023-01-31 14:14:30.781
17	1675167285.781	968.828Mb	243.719Mb	440.770Mb	284.340Mb	0.000Mb	2023-01-31 14:14:45.781
18	1675167300.781	968.828Mb	243.711Mb	440.777Mb	284.340Mb	0.000Mb	2023-01-31 14:15:00.781
19	1675167315.781	968.828Mb	243.953Mb	440.777Mb	284.098Mb	0.000Mb	2023-01-31 14:15:15.781
20	1675167330.781	968.828Mb	243.953Mb	440.777Mb	284.098Mb	0.000Mb	2023-01-31 14:15:30.781
21	1675167345.781	968.828Mb	243.953Mb	440.777Mb	284.098Mb	0.000Mb	2023-01-31 14:15:45.781
22	1675167360.781	968.828Mb	244.410Mb	440.785Mb	283.633Mb	0.000Mb	2023-01-31 14:16:00.781
23	1675167375.781	968.828Mb	245.148Mb	440.785Mb	282.895Mb	0.000Mb	2023-01-31 14:16:15.781
24	1675167390.781	968.828Mb	244.902Mb	440.785Mb	283.141Mb	0.000Mb	2023-01-31 14:16:30.781
25	1675167405.781	968.828Mb	245.395Mb	440.785Mb	282.648Mb	0.000Mb	2023-01-31 14:16:45.781
26	1675167420.781	968.828Mb	245.605Mb	440.793Mb	282.430Mb	0.000Mb	2023-01-31 14:17:00.781
27	1675167435.781	968.828Mb	245.582Mb	440.816Mb	282.430Mb	0.000Mb	2023-01-31 14:17:15.781
28	1675167450.781	968.828Mb	244.590Mb	440.824Mb	283.414Mb	0.000Mb	2023-01-31 14:17:30.781
29	1675167465.781	968.828Mb	244.344Mb	440.824Mb	283.660Mb	0.000Mb	2023-01-31 14:17:45.781
30	1675167480.781	968.828Mb	244.344Mb	440.824Mb	283.660Mb	0.000Mb	2023-01-31 14:18:00.781
31	1675167495.781	968.828Mb	246.984Mb	656.484Mb	65.359Mb	0.000Mb	2023-01-31 14:18:15.781
32	1675167510.781	968.828Mb	251.625Mb	653.391Mb	63.812Mb	0.262Mb	2023-01-31 14:18:30.781
33	1675167525.781	968.828Mb	252.043Mb	653.414Mb	63.371Mb	0.262Mb	2023-01-31 14:18:45.781
34	1675167540.781	968.828Mb	252.465Mb	653.715Mb	62.648Mb	0.262Mb	2023-01-31 14:19:00.781
35	1675167555.781	968.828Mb	252.188Mb	653.715Mb	62.926Mb	0.262Mb	2023-01-31 14:19:15.781
36	1675167570.781	968.828Mb	228.941Mb	683.203Mb	56.684Mb	1.012Mb	2023-01-31 14:19:30.781
37	1675167585.781	968.828Mb	229.648Mb	678.961Mb	60.219Mb	1.012Mb	2023-01-31 14:19:45.781
38	1675167600.781	968.828Mb	229.785Mb	679.559Mb	59.484Mb	1.012Mb	2023-01-31 14:20:00.781
39	1675167615.781	968.828Mb	229.449Mb	679.684Mb	59.695Mb	1.012Mb	2023-01-31 14:20:15.781
40	1675167630.781	968.828Mb	229.570Mb	680.027Mb	59.230Mb	1.012Mb	2023-01-31 14:20:30.781
41	1675167645.781	968.828Mb	229.965Mb	680.125Mb	58.738Mb	1.012Mb	2023-01-31 14:20:45.781
42	1675167660.781	968.828Mb	278.543Mb	614.793Mb	75.492Mb	1.262Mb	2023-01-31 14:21:00.781
43	1675167675.781	968.828Mb	283.520Mb	614.945Mb	70.363Mb	1.262Mb	2023-01-31 14:21:15.781
44	1675167690.781	968.828Mb	281.934Mb	614.984Mb	71.910Mb	1.262Mb	2023-01-31 14:21:30.781
45	1675167705.781	968.828Mb	284.801Mb	615.027Mb	69.000Mb	1.262Mb	2023-01-31 14:21:45.781
46	1675167720.781	968.828Mb	288.102Mb	615.133Mb	65.594Mb	1.262Mb	2023-01-31 14:22:00.781
47	1675167735.781	968.828Mb	288.102Mb	615.133Mb	65.594Mb	1.262Mb	2023-01-31 14:22:15.781
48	1675167750.781	968.828Mb	288.102Mb	615.133Mb	65.594Mb	1.262Mb	2023-01-31 14:22:30.781
49	1675167765.781	968.828Mb	288.102Mb	615.133Mb	65.594Mb	1.262Mb	2023-01-31 14:22:45.781
50	1675167780.781	968.828Mb	290.215Mb	615.477Mb	63.137Mb	1.262Mb	2023-01-31 14:23:00.781
51	1675167795.781	968.828Mb	290.750Mb	615.680Mb	62.398Mb	1.262Mb	2023-01-31 14:23:15.781
52	1675167810.781	968.828Mb	287.434Mb	615.762Mb	65.633Mb	1.262Mb	2023-01-31 14:23:30.781
53	1675167825.781	968.828Mb	305.562Mb	590.223Mb	73.043Mb	1.512Mb	2023-01-31 14:23:45.781
54	1675167840.781	968.828Mb	305.562Mb	590.223Mb	73.043Mb	1.512Mb	2023-01-31 14:24:00.781
55	1675167855.781	968.828Mb	305.562Mb	590.223Mb	73.043Mb	1.512Mb	2023-01-31 14:24:15.781
56	1675167870.781	968.828Mb	305.562Mb	590.223Mb	73.043Mb	1.512Mb	2023-01-31 14:24:30.781
57	1675167885.781	968.828Mb	305.562Mb	590.223Mb	73.043Mb	1.512Mb	2023-01-31 14:24:45.781
58	1675167900.781	968.828Mb	305.562Mb	590.223Mb	73.043Mb	1.512Mb	2023-01-31 14:25:00.781
59	1675167915.781	968.828Mb	305.562Mb	590.223Mb	73.043Mb	1.512Mb	2023-01-31 14:25:15.781
60	1675167930.781	968.828Mb	305.562Mb	590.223Mb	73.043Mb	1.512Mb	2023-01-31 14:25:30.781
61	1675167945.781	968.828Mb	305.562Mb	590.223Mb	73.043Mb	1.512Mb	2023-01-31 14:25:45.781
62	1675167960.781	968.828Mb	305.562Mb	590.223Mb	73.043Mb	1.512Mb	2023-01-31 14:26:00.781
63	1675167975.781	968.828Mb	305.562Mb	590.223Mb	73.043Mb	1.512Mb	2023-01-31 14:26:15.781
64	1675167990.781	968.828Mb	305.562Mb	590.223Mb	73.043Mb	1.512Mb	2023-01-31 14:26:30.781
65	1675168005.781	968.828Mb	305.562Mb	590.223Mb	73.043Mb	1.512Mb	2023-01-31 14:26:45.781
66	1675168020.781	968.828Mb	305.562Mb	590.223Mb	73.043Mb	1.512Mb	2023-01-31 14:27:00.781
67	1675168035.781	968.828Mb	305.562Mb	590.223Mb	73.043Mb	1.512Mb	2023-01-31 14:27:15.781
68	1675168050.781	968.828Mb	305.562Mb	590.223Mb	73.043Mb	1.512Mb	2023-01-31 14:27:30.781
69	1675168065.781	968.828Mb	305.562Mb	590.223Mb	73.043Mb	1.512Mb	2023-01-31 14:27:45.781
70	1675168080.781	968.828Mb	305.562Mb	590.223Mb	73.043Mb	1.512Mb	2023-01-31 14:28:00.781
71	1675168095.781	968.828Mb	305.562Mb	590.223Mb	73.043Mb	1.512Mb	2023-01-31 14:28:15.781
72	1675168110.781	968.828Mb	305.562Mb	590.223Mb	73.043Mb	1.512Mb	2023-01-31 14:28:30.781
73	1675169850.781	968.828Mb	311.328Mb	580.719Mb	76.781Mb	2.523Mb	2023-01-31 14:57:30.781
74	1675169865.781	968.828Mb	312.016Mb	580.730Mb	76.082Mb	2.523Mb	2023-01-31 14:57:45.781
75	1675169880.781	968.828Mb	312.258Mb	580.730Mb	75.840Mb	2.523Mb	2023-01-31 14:58:00.781
76	1675169895.781	968.828Mb	312.422Mb	584.004Mb	72.402Mb	2.523Mb	2023-01-31 14:58:15.781
77	1675169910.781	968.828Mb	312.422Mb	584.004Mb	72.402Mb	2.523Mb	2023-01-31 14:58:30.781
78	1675169925.781	968.828Mb	312.598Mb	584.047Mb	72.184Mb	2.523Mb	2023-01-31 14:58:45.781
79	1675169940.781	968.828Mb	312.570Mb	584.074Mb	72.184Mb	2.523Mb	2023-01-31 14:59:00.781
80	1675169955.781	968.828Mb	312.570Mb	584.074Mb	72.184Mb	2.523Mb	2023-01-31 14:59:15.781
81	1675169970.781	968.828Mb	312.570Mb	584.074Mb	72.184Mb	2.523Mb	2023-01-31 14:59:30.781
82	1675169985.781	968.828Mb	312.512Mb	584.133Mb	72.184Mb	2.523Mb	2023-01-31 14:59:45.781
83	1675170000.781	968.828Mb	312.730Mb	584.133Mb	71.965Mb	2.523Mb	2023-01-31 15:00:00.781
84	1675170015.781	968.828Mb	312.730Mb	584.133Mb	71.965Mb	2.523Mb	2023-01-31 15:00:15.781
85	1675170030.781	968.828Mb	322.242Mb	584.242Mb	62.344Mb	2.523Mb	2023-01-31 15:00:30.781
86	1675170045.781	968.828Mb	321.375Mb	585.562Mb	61.891Mb	2.523Mb	2023-01-31 15:00:45.781
87	1675170060.781	968.828Mb	321.055Mb	585.605Mb	62.168Mb	2.523Mb	2023-01-31 15:01:00.781
88	1675170075.781	968.828Mb	317.125Mb	580.891Mb	70.812Mb	2.523Mb	2023-01-31 15:01:15.781
89	1675170090.781	968.828Mb	357.355Mb	538.430Mb	73.043Mb	7.055Mb	2023-01-31 15:01:30.781
90	1675170105.781	968.828Mb	311.828Mb	542.855Mb	114.145Mb	7.055Mb	2023-01-31 15:01:45.781
91	1675170120.781	968.828Mb	308.004Mb	542.871Mb	117.953Mb	7.055Mb	2023-01-31 15:02:00.781
92	1675170135.781	968.828Mb	308.895Mb	542.922Mb	117.012Mb	7.055Mb	2023-01-31 15:02:15.781
93	1675170150.781	968.828Mb	308.895Mb	542.922Mb	117.012Mb	7.055Mb	2023-01-31 15:02:30.781
94	1675170165.781	968.828Mb	309.754Mb	543.043Mb	116.031Mb	7.055Mb	2023-01-31 15:02:45.781
95	1675170180.781	968.828Mb	316.852Mb	556.613Mb	95.363Mb	7.055Mb	2023-01-31 15:03:00.781
96	1675170195.781	968.828Mb	317.836Mb	556.613Mb	94.379Mb	7.055Mb	2023-01-31 15:03:15.781
97	1675170210.781	968.828Mb	316.867Mb	510.566Mb	141.395Mb	17.344Mb	2023-01-31 15:03:30.781
98	1675170225.781	968.828Mb	317.277Mb	510.609Mb	140.941Mb	17.344Mb	2023-01-31 15:03:45.781
99	1675170240.781	968.828Mb	317.266Mb	510.621Mb	140.941Mb	17.344Mb	2023-01-31 15:04:00.781
100	1675170255.781	968.828Mb	304.898Mb	510.918Mb	153.012Mb	17.344Mb	2023-01-31 15:04:15.781
101	1675170315.781	968.828Mb	325.863Mb	564.852Mb	78.113Mb	24.625Mb	2023-01-31 15:05:15.781
102	1675170330.781	968.828Mb	290.449Mb	612.164Mb	66.215Mb	36.156Mb	2023-01-31 15:05:30.781
103	1675170345.781	968.828Mb	279.559Mb	349.449Mb	339.820Mb	77.062Mb	2023-01-31 15:05:45.781
104	1675170360.781	968.828Mb	284.590Mb	538.332Mb	145.906Mb	51.570Mb	2023-01-31 15:06:00.781
105	1675170375.781	968.828Mb	283.621Mb	538.609Mb	146.598Mb	51.570Mb	2023-01-31 15:06:15.781
106	1675170390.781	968.828Mb	282.629Mb	538.617Mb	147.582Mb	51.570Mb	2023-01-31 15:06:30.781
107	1675170405.781	968.828Mb	283.996Mb	538.660Mb	146.172Mb	51.570Mb	2023-01-31 15:06:45.781
108	1675170420.781	968.828Mb	282.195Mb	539.441Mb	147.191Mb	51.570Mb	2023-01-31 15:07:00.781
109	1675170435.781	968.828Mb	281.855Mb	540.531Mb	146.441Mb	51.570Mb	2023-01-31 15:07:15.781
110	1675170450.781	968.828Mb	281.602Mb	540.539Mb	146.688Mb	51.570Mb	2023-01-31 15:07:30.781
111	1675170465.781	968.828Mb	276.160Mb	541.797Mb	150.871Mb	51.570Mb	2023-01-31 15:07:45.781
112	1675170480.781	968.828Mb	275.941Mb	543.449Mb	149.438Mb	51.570Mb	2023-01-31 15:08:00.781
113	1675170495.781	968.828Mb	275.871Mb	543.488Mb	149.469Mb	51.570Mb	2023-01-31 15:08:15.781
114	1675170510.781	968.828Mb	276.328Mb	543.496Mb	149.004Mb	51.570Mb	2023-01-31 15:08:30.781
115	1675170525.781	968.828Mb	276.023Mb	543.496Mb	149.309Mb	51.570Mb	2023-01-31 15:08:45.781
116	1675170540.781	968.828Mb	276.344Mb	543.496Mb	148.988Mb	51.570Mb	2023-01-31 15:09:00.781
117	1675170555.781	968.828Mb	288.707Mb	567.125Mb	112.996Mb	51.570Mb	2023-01-31 15:09:15.781
118	1675170570.781	968.828Mb	264.980Mb	572.152Mb	131.695Mb	27.820Mb	2023-01-31 15:09:30.781
119	1675170585.781	968.828Mb	264.961Mb	572.172Mb	131.695Mb	27.820Mb	2023-01-31 15:09:45.781
120	1675170600.781	968.828Mb	264.961Mb	572.172Mb	131.695Mb	27.820Mb	2023-01-31 15:10:00.781
121	1675170615.781	968.828Mb	265.195Mb	572.172Mb	131.461Mb	27.820Mb	2023-01-31 15:10:15.781
122	1675170630.781	968.828Mb	265.195Mb	572.172Mb	131.461Mb	27.820Mb	2023-01-31 15:10:30.781
123	1675170645.781	968.828Mb	265.195Mb	572.172Mb	131.461Mb	27.820Mb	2023-01-31 15:10:45.781
124	1675170660.781	968.828Mb	265.195Mb	572.172Mb	131.461Mb	27.820Mb	2023-01-31 15:11:00.781
125	1675170675.781	968.828Mb	265.195Mb	572.172Mb	131.461Mb	27.820Mb	2023-01-31 15:11:15.781
126	1675170690.781	968.828Mb	265.195Mb	572.172Mb	131.461Mb	27.820Mb	2023-01-31 15:11:30.781
127	1675170705.781	968.828Mb	254.172Mb	573.777Mb	140.879Mb	27.820Mb	2023-01-31 15:11:45.781
128	1675170720.781	968.828Mb	255.383Mb	573.785Mb	139.660Mb	27.820Mb	2023-01-31 15:12:00.781
129	1675170735.781	968.828Mb	255.602Mb	573.785Mb	139.441Mb	27.820Mb	2023-01-31 15:12:15.781
130	1675170750.781	968.828Mb	255.234Mb	573.883Mb	139.711Mb	27.820Mb	2023-01-31 15:12:30.781
131	1675170765.781	968.828Mb	290.641Mb	584.043Mb	94.145Mb	27.820Mb	2023-01-31 15:12:45.781
132	1675170780.781	968.828Mb	298.484Mb	584.164Mb	86.180Mb	27.820Mb	2023-01-31 15:13:00.781
133	1675170795.781	968.828Mb	298.477Mb	584.172Mb	86.180Mb	27.820Mb	2023-01-31 15:13:15.781
134	1675170810.781	968.828Mb	298.477Mb	584.172Mb	86.180Mb	27.820Mb	2023-01-31 15:13:30.781
135	1675170825.781	968.828Mb	298.477Mb	584.172Mb	86.180Mb	27.820Mb	2023-01-31 15:13:45.781
136	1675170840.781	968.828Mb	298.477Mb	584.172Mb	86.180Mb	27.820Mb	2023-01-31 15:14:00.781
137	1675170855.781	968.828Mb	298.477Mb	584.172Mb	86.180Mb	27.820Mb	2023-01-31 15:14:15.781
138	1675170870.781	968.828Mb	298.477Mb	584.172Mb	86.180Mb	27.820Mb	2023-01-31 15:14:30.781
139	1675170885.781	968.828Mb	298.477Mb	584.172Mb	86.180Mb	27.820Mb	2023-01-31 15:14:45.781
140	1675170900.781	968.828Mb	298.477Mb	584.172Mb	86.180Mb	27.820Mb	2023-01-31 15:15:00.781
141	1675170915.781	968.828Mb	298.445Mb	584.449Mb	85.934Mb	27.820Mb	2023-01-31 15:15:15.781
142	1675170930.781	968.828Mb	296.543Mb	584.547Mb	87.738Mb	27.820Mb	2023-01-31 15:15:30.781
143	1675170945.781	968.828Mb	255.586Mb	584.555Mb	128.688Mb	27.820Mb	2023-01-31 15:15:45.781
144	1675170960.781	968.828Mb	260.293Mb	583.656Mb	124.879Mb	27.820Mb	2023-01-31 15:16:00.781
145	1675170975.781	968.828Mb	260.293Mb	583.656Mb	124.879Mb	27.820Mb	2023-01-31 15:16:15.781
146	1675170990.781	968.828Mb	260.746Mb	583.656Mb	124.426Mb	27.820Mb	2023-01-31 15:16:30.781
147	1675171005.781	968.828Mb	306.879Mb	584.832Mb	77.117Mb	27.820Mb	2023-01-31 15:16:45.781
148	1675171020.781	968.828Mb	306.879Mb	584.832Mb	77.117Mb	27.820Mb	2023-01-31 15:17:00.781
149	1675171035.781	968.828Mb	306.879Mb	584.832Mb	77.117Mb	27.820Mb	2023-01-31 15:17:15.781
150	1675171050.781	968.828Mb	306.879Mb	584.832Mb	77.117Mb	27.820Mb	2023-01-31 15:17:30.781
151	1675171065.781	968.828Mb	306.879Mb	584.832Mb	77.117Mb	27.820Mb	2023-01-31 15:17:45.781
152	1675171080.781	968.828Mb	306.879Mb	584.832Mb	77.117Mb	27.820Mb	2023-01-31 15:18:00.781
153	1675171095.781	968.828Mb	220.871Mb	424.234Mb	323.723Mb	0.000Mb	2023-01-31 15:18:15.781
154	1675171110.781	968.828Mb	227.777Mb	430.414Mb	310.637Mb	0.000Mb	2023-01-31 15:18:30.781
155	1675171125.781	968.828Mb	234.262Mb	444.762Mb	289.805Mb	0.000Mb	2023-01-31 15:18:45.781
156	1675171140.781	968.828Mb	234.750Mb	444.766Mb	289.312Mb	0.000Mb	2023-01-31 15:19:00.781
157	1675171155.781	968.828Mb	234.750Mb	444.766Mb	289.312Mb	0.000Mb	2023-01-31 15:19:15.781
158	1675171170.781	968.828Mb	234.750Mb	444.766Mb	289.312Mb	0.000Mb	2023-01-31 15:19:30.781
159	1675171185.781	968.828Mb	234.750Mb	444.766Mb	289.312Mb	0.000Mb	2023-01-31 15:19:45.781
160	1675171200.781	968.828Mb	234.750Mb	444.766Mb	289.312Mb	0.000Mb	2023-01-31 15:20:00.781
161	1675171215.781	968.828Mb	234.750Mb	444.766Mb	289.312Mb	0.000Mb	2023-01-31 15:20:15.781
162	1675171230.781	968.828Mb	234.750Mb	444.766Mb	289.312Mb	0.000Mb	2023-01-31 15:20:30.781
163	1675171245.781	968.828Mb	234.750Mb	444.766Mb	289.312Mb	0.000Mb	2023-01-31 15:20:45.781
164	1675171260.781	968.828Mb	234.750Mb	444.766Mb	289.312Mb	0.000Mb	2023-01-31 15:21:00.781
165	1675171275.781	968.828Mb	234.750Mb	444.766Mb	289.312Mb	0.000Mb	2023-01-31 15:21:15.781
166	1675171290.781	968.828Mb	234.750Mb	444.766Mb	289.312Mb	0.000Mb	2023-01-31 15:21:30.781
167	1675171305.781	968.828Mb	234.750Mb	444.766Mb	289.312Mb	0.000Mb	2023-01-31 15:21:45.781
168	1675171320.781	968.828Mb	234.750Mb	444.766Mb	289.312Mb	0.000Mb	2023-01-31 15:22:00.781
169	1675171335.781	968.828Mb	234.750Mb	444.766Mb	289.312Mb	0.000Mb	2023-01-31 15:22:15.781
170	1675171350.781	968.828Mb	234.750Mb	444.766Mb	289.312Mb	0.000Mb	2023-01-31 15:22:30.781
171	1675171365.781	968.828Mb	234.750Mb	444.766Mb	289.312Mb	0.000Mb	2023-01-31 15:22:45.781
172	1675171380.781	968.828Mb	234.750Mb	444.766Mb	289.312Mb	0.000Mb	2023-01-31 15:23:00.781
173	1675171395.781	968.828Mb	234.750Mb	444.766Mb	289.312Mb	0.000Mb	2023-01-31 15:23:15.781
174	1675171410.781	968.828Mb	234.750Mb	444.766Mb	289.312Mb	0.000Mb	2023-01-31 15:23:30.781
175	1675171425.781	968.828Mb	234.750Mb	444.766Mb	289.312Mb	0.000Mb	2023-01-31 15:23:45.781
176	1675171785.781	968.828Mb	223.859Mb	409.816Mb	335.152Mb	0.000Mb	2023-01-31 15:29:45.781
177	1675171800.781	968.828Mb	224.852Mb	423.078Mb	320.898Mb	0.000Mb	2023-01-31 15:30:00.781
178	1675171815.781	968.828Mb	226.910Mb	423.207Mb	318.711Mb	0.000Mb	2023-01-31 15:30:15.781
179	1675171830.781	968.828Mb	235.434Mb	437.641Mb	295.754Mb	0.000Mb	2023-01-31 15:30:30.781
180	1675171845.781	968.828Mb	235.527Mb	437.547Mb	295.754Mb	0.000Mb	2023-01-31 15:30:45.781
181	1675171860.781	968.828Mb	235.508Mb	437.566Mb	295.754Mb	0.000Mb	2023-01-31 15:31:00.781
182	1675171875.781	968.828Mb	285.695Mb	444.340Mb	238.793Mb	0.000Mb	2023-01-31 15:31:15.781
183	1675171890.781	968.828Mb	288.211Mb	444.422Mb	236.195Mb	0.000Mb	2023-01-31 15:31:30.781
184	1675171905.781	968.828Mb	288.211Mb	444.422Mb	236.195Mb	0.000Mb	2023-01-31 15:31:45.781
185	1675171920.781	968.828Mb	288.211Mb	444.422Mb	236.195Mb	0.000Mb	2023-01-31 15:32:00.781
186	1675171935.781	968.828Mb	288.211Mb	444.422Mb	236.195Mb	0.000Mb	2023-01-31 15:32:15.781
187	1675171950.781	968.828Mb	288.211Mb	444.422Mb	236.195Mb	0.000Mb	2023-01-31 15:32:30.781
188	1675171965.781	968.828Mb	288.211Mb	444.422Mb	236.195Mb	0.000Mb	2023-01-31 15:32:45.781
189	1675171980.781	968.828Mb	288.211Mb	444.422Mb	236.195Mb	0.000Mb	2023-01-31 15:33:00.781
190	1675171995.781	968.828Mb	288.211Mb	444.422Mb	236.195Mb	0.000Mb	2023-01-31 15:33:15.781
191	1675172010.781	968.828Mb	288.211Mb	444.422Mb	236.195Mb	0.000Mb	2023-01-31 15:33:30.781
192	1675172025.781	968.828Mb	288.211Mb	444.422Mb	236.195Mb	0.000Mb	2023-01-31 15:33:45.781
193	1675172040.781	968.828Mb	288.211Mb	444.422Mb	236.195Mb	0.000Mb	2023-01-31 15:34:00.781
194	1675172055.781	968.828Mb	288.211Mb	444.422Mb	236.195Mb	0.000Mb	2023-01-31 15:34:15.781
195	1675172070.781	968.828Mb	288.211Mb	444.422Mb	236.195Mb	0.000Mb	2023-01-31 15:34:30.781
196	1675172085.781	968.828Mb	288.211Mb	444.422Mb	236.195Mb	0.000Mb	2023-01-31 15:34:45.781
197	1675172100.781	968.828Mb	288.211Mb	444.422Mb	236.195Mb	0.000Mb	2023-01-31 15:35:00.781
198	1675172115.781	968.828Mb	288.211Mb	444.422Mb	236.195Mb	0.000Mb	2023-01-31 15:35:15.781
199	1675172130.781	968.828Mb	288.211Mb	444.422Mb	236.195Mb	0.000Mb	2023-01-31 15:35:30.781
200	1675172145.781	968.828Mb	288.211Mb	444.422Mb	236.195Mb	0.000Mb	2023-01-31 15:35:45.781
201	1675172160.781	968.828Mb	288.211Mb	444.422Mb	236.195Mb	0.000Mb	2023-01-31 15:36:00.781
202	1675172175.781	968.828Mb	288.211Mb	444.422Mb	236.195Mb	0.000Mb	2023-01-31 15:36:15.781
203	1675172235.781	968.828Mb	290.168Mb	447.531Mb	231.129Mb	0.000Mb	2023-01-31 15:37:15.781
204	1675172250.781	968.828Mb	290.270Mb	447.664Mb	230.895Mb	0.000Mb	2023-01-31 15:37:30.781
205	1675172265.781	968.828Mb	290.262Mb	447.672Mb	230.895Mb	0.000Mb	2023-01-31 15:37:45.781
206	1675172280.781	968.828Mb	290.254Mb	447.680Mb	230.895Mb	0.000Mb	2023-01-31 15:38:00.781
207	1675172295.781	968.828Mb	290.254Mb	447.680Mb	230.895Mb	0.000Mb	2023-01-31 15:38:15.781
208	1675172310.781	968.828Mb	290.254Mb	447.680Mb	230.895Mb	0.000Mb	2023-01-31 15:38:30.781
209	1675172325.781	968.828Mb	290.473Mb	447.680Mb	230.676Mb	0.000Mb	2023-01-31 15:38:45.781
210	1675172340.781	968.828Mb	290.473Mb	447.680Mb	230.676Mb	0.000Mb	2023-01-31 15:39:00.781
211	1675172355.781	968.828Mb	288.992Mb	447.680Mb	232.156Mb	0.000Mb	2023-01-31 15:39:15.781
212	1675172370.781	968.828Mb	289.430Mb	447.688Mb	231.711Mb	0.000Mb	2023-01-31 15:39:30.781
213	1675172385.781	968.828Mb	289.430Mb	447.688Mb	231.711Mb	0.000Mb	2023-01-31 15:39:45.781
214	1675172400.781	968.828Mb	289.430Mb	447.688Mb	231.711Mb	0.000Mb	2023-01-31 15:40:00.781
215	1675172415.781	968.828Mb	289.648Mb	447.688Mb	231.492Mb	0.000Mb	2023-01-31 15:40:15.781
216	1675172430.781	968.828Mb	289.648Mb	447.688Mb	231.492Mb	0.000Mb	2023-01-31 15:40:30.781
217	1675172445.781	968.828Mb	288.906Mb	447.688Mb	232.234Mb	0.000Mb	2023-01-31 15:40:45.781
218	1675172460.781	968.828Mb	288.906Mb	447.688Mb	232.234Mb	0.000Mb	2023-01-31 15:41:00.781
219	1675172475.781	968.828Mb	288.906Mb	447.688Mb	232.234Mb	0.000Mb	2023-01-31 15:41:15.781
220	1675172490.781	968.828Mb	298.895Mb	447.758Mb	222.176Mb	0.000Mb	2023-01-31 15:41:30.781
221	1675172505.781	968.828Mb	299.105Mb	447.766Mb	221.957Mb	0.000Mb	2023-01-31 15:41:45.781
222	1675172520.781	968.828Mb	299.098Mb	447.773Mb	221.957Mb	0.000Mb	2023-01-31 15:42:00.781
223	1675172535.781	968.828Mb	298.844Mb	447.781Mb	222.203Mb	0.000Mb	2023-01-31 15:42:15.781
224	1675172550.781	968.828Mb	298.816Mb	447.781Mb	222.230Mb	0.000Mb	2023-01-31 15:42:30.781
225	1675172565.781	968.828Mb	298.816Mb	447.781Mb	222.230Mb	0.000Mb	2023-01-31 15:42:45.781
226	1675172580.781	968.828Mb	298.816Mb	447.781Mb	222.230Mb	0.000Mb	2023-01-31 15:43:00.781
227	1675172595.781	968.828Mb	298.324Mb	447.781Mb	222.723Mb	0.000Mb	2023-01-31 15:43:15.781
228	1675172610.781	968.828Mb	297.637Mb	447.781Mb	223.410Mb	0.000Mb	2023-01-31 15:43:30.781
229	1675172625.781	968.828Mb	295.863Mb	447.781Mb	225.184Mb	0.000Mb	2023-01-31 15:43:45.781
230	1675172640.781	968.828Mb	295.863Mb	447.781Mb	225.184Mb	0.000Mb	2023-01-31 15:44:00.781
231	1675172655.781	968.828Mb	295.863Mb	447.781Mb	225.184Mb	0.000Mb	2023-01-31 15:44:15.781
232	1675172670.781	968.828Mb	295.652Mb	448.453Mb	224.723Mb	0.000Mb	2023-01-31 15:44:30.781
233	1675172685.781	968.828Mb	288.711Mb	448.625Mb	231.492Mb	0.000Mb	2023-01-31 15:44:45.781
234	1675172700.781	968.828Mb	289.398Mb	448.637Mb	230.793Mb	0.000Mb	2023-01-31 15:45:00.781
235	1675172715.781	968.828Mb	289.398Mb	448.637Mb	230.793Mb	0.000Mb	2023-01-31 15:45:15.781
236	1675172730.781	968.828Mb	289.398Mb	448.637Mb	230.793Mb	0.000Mb	2023-01-31 15:45:30.781
237	1675172745.781	968.828Mb	289.645Mb	448.637Mb	230.547Mb	0.000Mb	2023-01-31 15:45:45.781
238	1675172760.781	968.828Mb	289.863Mb	448.637Mb	230.328Mb	0.000Mb	2023-01-31 15:46:00.781
239	1675172775.781	968.828Mb	290.438Mb	448.789Mb	229.602Mb	0.000Mb	2023-01-31 15:46:15.781
240	1675172790.781	968.828Mb	290.910Mb	448.809Mb	229.109Mb	0.000Mb	2023-01-31 15:46:30.781
241	1675172805.781	968.828Mb	290.902Mb	448.816Mb	229.109Mb	0.000Mb	2023-01-31 15:46:45.781
242	1675172820.781	968.828Mb	290.902Mb	448.816Mb	229.109Mb	0.000Mb	2023-01-31 15:47:00.781
243	1675172835.781	968.828Mb	291.121Mb	448.816Mb	228.891Mb	0.000Mb	2023-01-31 15:47:15.781
244	1675172850.781	968.828Mb	291.121Mb	448.816Mb	228.891Mb	0.000Mb	2023-01-31 15:47:30.781
245	1675172865.781	968.828Mb	291.121Mb	448.816Mb	228.891Mb	0.000Mb	2023-01-31 15:47:45.781
246	1675172880.781	968.828Mb	291.121Mb	448.816Mb	228.891Mb	0.000Mb	2023-01-31 15:48:00.781
247	1675172895.781	968.828Mb	290.379Mb	448.816Mb	229.633Mb	0.000Mb	2023-01-31 15:48:15.781
248	1675172910.781	968.828Mb	290.844Mb	448.816Mb	229.168Mb	0.000Mb	2023-01-31 15:48:30.781
249	1675172925.781	968.828Mb	291.816Mb	448.816Mb	228.195Mb	0.000Mb	2023-01-31 15:48:45.781
250	1675172940.781	968.828Mb	291.816Mb	448.816Mb	228.195Mb	0.000Mb	2023-01-31 15:49:00.781
251	1675172955.781	968.828Mb	291.789Mb	448.816Mb	228.223Mb	0.000Mb	2023-01-31 15:49:15.781
252	1675172970.781	968.828Mb	292.035Mb	448.816Mb	227.977Mb	0.000Mb	2023-01-31 15:49:30.781
253	1675172985.781	968.828Mb	291.297Mb	448.816Mb	228.715Mb	0.000Mb	2023-01-31 15:49:45.781
254	1675173000.781	968.828Mb	291.789Mb	448.816Mb	228.223Mb	0.000Mb	2023-01-31 15:50:00.781
255	1675173015.781	968.828Mb	291.789Mb	448.816Mb	228.223Mb	0.000Mb	2023-01-31 15:50:15.781
256	1675173030.781	968.828Mb	291.789Mb	448.816Mb	228.223Mb	0.000Mb	2023-01-31 15:50:30.781
257	1675173045.781	968.828Mb	291.789Mb	448.816Mb	228.223Mb	0.000Mb	2023-01-31 15:50:45.781
258	1675173060.781	968.828Mb	291.789Mb	448.816Mb	228.223Mb	0.000Mb	2023-01-31 15:51:00.781
259	1675173075.781	968.828Mb	291.789Mb	448.816Mb	228.223Mb	0.000Mb	2023-01-31 15:51:15.781
260	1675173090.781	968.828Mb	291.789Mb	448.816Mb	228.223Mb	0.000Mb	2023-01-31 15:51:30.781
261	1675173105.781	968.828Mb	292.742Mb	448.816Mb	227.270Mb	0.000Mb	2023-01-31 15:51:45.781
262	1675173120.781	968.828Mb	301.879Mb	449.715Mb	217.234Mb	0.000Mb	2023-01-31 15:52:00.781
263	1675173135.781	968.828Mb	301.855Mb	449.715Mb	217.258Mb	0.000Mb	2023-01-31 15:52:15.781
264	1675173150.781	968.828Mb	300.133Mb	449.715Mb	218.980Mb	0.000Mb	2023-01-31 15:52:30.781
265	1675173165.781	968.828Mb	300.598Mb	449.715Mb	218.516Mb	0.000Mb	2023-01-31 15:52:45.781
266	1675173180.781	968.828Mb	300.598Mb	449.715Mb	218.516Mb	0.000Mb	2023-01-31 15:53:00.781
267	1675173195.781	968.828Mb	299.859Mb	449.715Mb	219.254Mb	0.000Mb	2023-01-31 15:53:15.781
268	1675173210.781	968.828Mb	299.859Mb	449.715Mb	219.254Mb	0.000Mb	2023-01-31 15:53:30.781
269	1675173225.781	968.828Mb	300.090Mb	449.730Mb	219.008Mb	0.000Mb	2023-01-31 15:53:45.781
270	1675173240.781	968.828Mb	299.816Mb	449.738Mb	219.273Mb	0.000Mb	2023-01-31 15:54:00.781
271	1675173255.781	968.828Mb	307.359Mb	449.758Mb	211.711Mb	0.000Mb	2023-01-31 15:54:15.781
272	1675173270.781	968.828Mb	268.605Mb	449.852Mb	250.371Mb	0.000Mb	2023-01-31 15:54:30.781
273	1675173285.781	968.828Mb	296.691Mb	451.000Mb	221.137Mb	0.000Mb	2023-01-31 15:54:45.781
274	1675173300.781	968.828Mb	296.680Mb	451.012Mb	221.137Mb	0.000Mb	2023-01-31 15:55:00.781
275	1675173315.781	968.828Mb	296.672Mb	451.020Mb	221.137Mb	0.000Mb	2023-01-31 15:55:15.781
276	1675173330.781	968.828Mb	296.664Mb	451.027Mb	221.137Mb	0.000Mb	2023-01-31 15:55:30.781
277	1675173345.781	968.828Mb	296.883Mb	451.027Mb	220.918Mb	0.000Mb	2023-01-31 15:55:45.781
278	1675173360.781	968.828Mb	296.883Mb	451.027Mb	220.918Mb	0.000Mb	2023-01-31 15:56:00.781
279	1675173375.781	968.828Mb	296.883Mb	451.027Mb	220.918Mb	0.000Mb	2023-01-31 15:56:15.781
280	1675173390.781	968.828Mb	296.883Mb	451.027Mb	220.918Mb	0.000Mb	2023-01-31 15:56:30.781
281	1675173405.781	968.828Mb	296.883Mb	451.027Mb	220.918Mb	0.000Mb	2023-01-31 15:56:45.781
282	1675173420.781	968.828Mb	297.086Mb	451.043Mb	220.699Mb	0.000Mb	2023-01-31 15:57:00.781
283	1675173435.781	968.828Mb	297.086Mb	451.043Mb	220.699Mb	0.000Mb	2023-01-31 15:57:15.781
284	1675173450.781	968.828Mb	297.086Mb	451.043Mb	220.699Mb	0.000Mb	2023-01-31 15:57:30.781
285	1675173465.781	968.828Mb	297.086Mb	451.043Mb	220.699Mb	0.000Mb	2023-01-31 15:57:45.781
286	1675173480.781	968.828Mb	297.305Mb	451.043Mb	220.480Mb	0.000Mb	2023-01-31 15:58:00.781
287	1675173495.781	968.828Mb	297.551Mb	451.043Mb	220.234Mb	0.000Mb	2023-01-31 15:58:15.781
288	1675173510.781	968.828Mb	297.301Mb	451.043Mb	220.484Mb	0.000Mb	2023-01-31 15:58:30.781
289	1675173525.781	968.828Mb	297.547Mb	451.043Mb	220.238Mb	0.000Mb	2023-01-31 15:58:45.781
290	1675173540.781	968.828Mb	297.301Mb	451.043Mb	220.484Mb	0.000Mb	2023-01-31 15:59:00.781
291	1675173555.781	968.828Mb	297.789Mb	451.043Mb	219.996Mb	0.000Mb	2023-01-31 15:59:15.781
292	1675173570.781	968.828Mb	297.789Mb	451.043Mb	219.996Mb	0.000Mb	2023-01-31 15:59:30.781
293	1675173585.781	968.828Mb	311.121Mb	451.246Mb	206.461Mb	0.000Mb	2023-01-31 15:59:45.781
294	1675173600.781	968.828Mb	312.051Mb	451.262Mb	205.516Mb	0.000Mb	2023-01-31 16:00:00.781
295	1675173615.781	968.828Mb	312.297Mb	451.262Mb	205.270Mb	0.000Mb	2023-01-31 16:00:15.781
296	1675173630.781	968.828Mb	312.285Mb	451.270Mb	205.273Mb	0.000Mb	2023-01-31 16:00:30.781
297	1675173645.781	968.828Mb	312.227Mb	451.270Mb	205.332Mb	0.000Mb	2023-01-31 16:00:45.781
298	1675173660.781	968.828Mb	312.469Mb	451.270Mb	205.090Mb	0.000Mb	2023-01-31 16:01:00.781
299	1675173675.781	968.828Mb	312.469Mb	451.270Mb	205.090Mb	0.000Mb	2023-01-31 16:01:15.781
300	1675173690.781	968.828Mb	312.223Mb	451.270Mb	205.336Mb	0.000Mb	2023-01-31 16:01:30.781
301	1675173705.781	968.828Mb	310.992Mb	451.270Mb	206.566Mb	0.000Mb	2023-01-31 16:01:45.781
302	1675173720.781	968.828Mb	310.738Mb	451.277Mb	206.812Mb	0.000Mb	2023-01-31 16:02:00.781
303	1675173735.781	968.828Mb	311.227Mb	451.277Mb	206.324Mb	0.000Mb	2023-01-31 16:02:15.781
304	1675173750.781	968.828Mb	310.977Mb	451.277Mb	206.574Mb	0.000Mb	2023-01-31 16:02:30.781
305	1675173765.781	968.828Mb	310.727Mb	451.277Mb	206.824Mb	0.000Mb	2023-01-31 16:02:45.781
306	1675173780.781	968.828Mb	311.426Mb	451.277Mb	206.125Mb	0.000Mb	2023-01-31 16:03:00.781
307	1675173795.781	968.828Mb	310.406Mb	451.281Mb	207.141Mb	0.000Mb	2023-01-31 16:03:15.781
308	1675173810.781	968.828Mb	310.391Mb	451.297Mb	207.141Mb	0.000Mb	2023-01-31 16:03:30.781
309	1675173825.781	968.828Mb	310.391Mb	451.297Mb	207.141Mb	0.000Mb	2023-01-31 16:03:45.781
310	1675173840.781	968.828Mb	310.391Mb	451.297Mb	207.141Mb	0.000Mb	2023-01-31 16:04:00.781
311	1675173855.781	968.828Mb	310.391Mb	451.297Mb	207.141Mb	0.000Mb	2023-01-31 16:04:15.781
312	1675173870.781	968.828Mb	308.641Mb	451.305Mb	208.883Mb	0.000Mb	2023-01-31 16:04:30.781
313	1675173885.781	968.828Mb	308.613Mb	451.320Mb	208.895Mb	0.000Mb	2023-01-31 16:04:45.781
314	1675173900.781	968.828Mb	308.613Mb	451.320Mb	208.895Mb	0.000Mb	2023-01-31 16:05:00.781
315	1675173915.781	968.828Mb	308.613Mb	451.320Mb	208.895Mb	0.000Mb	2023-01-31 16:05:15.781
316	1675173930.781	968.828Mb	308.613Mb	451.320Mb	208.895Mb	0.000Mb	2023-01-31 16:05:30.781
317	1675173945.781	968.828Mb	308.613Mb	451.320Mb	208.895Mb	0.000Mb	2023-01-31 16:05:45.781
318	1675173960.781	968.828Mb	308.613Mb	451.320Mb	208.895Mb	0.000Mb	2023-01-31 16:06:00.781
319	1675173975.781	968.828Mb	308.117Mb	451.320Mb	209.391Mb	0.000Mb	2023-01-31 16:06:15.781
320	1675173990.781	968.828Mb	307.094Mb	451.320Mb	210.414Mb	0.000Mb	2023-01-31 16:06:30.781
321	1675174005.781	968.828Mb	307.340Mb	451.320Mb	210.168Mb	0.000Mb	2023-01-31 16:06:45.781
322	1675174020.781	968.828Mb	307.340Mb	451.320Mb	210.168Mb	0.000Mb	2023-01-31 16:07:00.781
323	1675174035.781	968.828Mb	307.340Mb	451.320Mb	210.168Mb	0.000Mb	2023-01-31 16:07:15.781
324	1675174050.781	968.828Mb	307.340Mb	451.320Mb	210.168Mb	0.000Mb	2023-01-31 16:07:30.781
325	1675174065.781	968.828Mb	307.340Mb	451.320Mb	210.168Mb	0.000Mb	2023-01-31 16:07:45.781
326	1675174080.781	968.828Mb	307.340Mb	451.320Mb	210.168Mb	0.000Mb	2023-01-31 16:08:00.781
327	1675174095.781	968.828Mb	307.340Mb	451.320Mb	210.168Mb	0.000Mb	2023-01-31 16:08:15.781
328	1675174110.781	968.828Mb	307.086Mb	451.320Mb	210.422Mb	0.000Mb	2023-01-31 16:08:30.781
329	1675174125.781	968.828Mb	306.348Mb	451.320Mb	211.160Mb	0.000Mb	2023-01-31 16:08:45.781
330	1675174140.781	968.828Mb	305.562Mb	451.320Mb	211.945Mb	0.000Mb	2023-01-31 16:09:00.781
331	1675174155.781	968.828Mb	305.562Mb	451.320Mb	211.945Mb	0.000Mb	2023-01-31 16:09:15.781
332	1675174170.781	968.828Mb	305.562Mb	451.320Mb	211.945Mb	0.000Mb	2023-01-31 16:09:30.781
333	1675174185.781	968.828Mb	305.562Mb	451.320Mb	211.945Mb	0.000Mb	2023-01-31 16:09:45.781
334	1675174200.781	968.828Mb	305.070Mb	451.320Mb	212.438Mb	0.000Mb	2023-01-31 16:10:00.781
335	1675174215.781	968.828Mb	304.824Mb	451.320Mb	212.684Mb	0.000Mb	2023-01-31 16:10:15.781
336	1675174230.781	968.828Mb	311.297Mb	451.449Mb	206.082Mb	0.000Mb	2023-01-31 16:10:30.781
337	1675174245.781	968.828Mb	329.066Mb	570.844Mb	68.918Mb	0.262Mb	2023-01-31 16:10:45.781
338	1675174260.781	968.828Mb	319.785Mb	533.574Mb	115.469Mb	1.012Mb	2023-01-31 16:11:00.781
339	1675174275.781	968.828Mb	319.992Mb	533.574Mb	115.262Mb	1.012Mb	2023-01-31 16:11:15.781
340	1675174290.781	968.828Mb	315.641Mb	533.609Mb	119.578Mb	1.012Mb	2023-01-31 16:11:30.781
341	1675174305.781	968.828Mb	315.352Mb	533.609Mb	119.867Mb	1.012Mb	2023-01-31 16:11:45.781
342	1675174320.781	968.828Mb	315.969Mb	533.609Mb	119.250Mb	1.012Mb	2023-01-31 16:12:00.781
343	1675174335.781	968.828Mb	314.984Mb	533.609Mb	120.234Mb	1.012Mb	2023-01-31 16:12:15.781
344	1675174350.781	968.828Mb	316.148Mb	533.609Mb	119.070Mb	1.012Mb	2023-01-31 16:12:30.781
345	1675174365.781	968.828Mb	316.148Mb	533.609Mb	119.070Mb	1.012Mb	2023-01-31 16:12:45.781
346	1675174380.781	968.828Mb	314.426Mb	533.609Mb	120.793Mb	1.012Mb	2023-01-31 16:13:00.781
347	1675174395.781	968.828Mb	316.562Mb	533.609Mb	118.656Mb	1.012Mb	2023-01-31 16:13:15.781
348	1675174410.781	968.828Mb	316.562Mb	533.609Mb	118.656Mb	1.012Mb	2023-01-31 16:13:30.781
349	1675174425.781	968.828Mb	316.812Mb	533.609Mb	118.406Mb	1.012Mb	2023-01-31 16:13:45.781
350	1675174440.781	968.828Mb	316.812Mb	533.609Mb	118.406Mb	1.012Mb	2023-01-31 16:14:00.781
351	1675174455.781	968.828Mb	316.844Mb	533.609Mb	118.375Mb	1.012Mb	2023-01-31 16:14:15.781
352	1675174470.781	968.828Mb	317.062Mb	533.609Mb	118.156Mb	1.012Mb	2023-01-31 16:14:30.781
353	1675174485.781	968.828Mb	317.125Mb	533.609Mb	118.094Mb	1.012Mb	2023-01-31 16:14:45.781
354	1675174500.781	968.828Mb	306.145Mb	537.336Mb	125.348Mb	1.012Mb	2023-01-31 16:15:00.781
355	1675174515.781	968.828Mb	305.578Mb	537.344Mb	125.906Mb	1.012Mb	2023-01-31 16:15:15.781
356	1675174530.781	968.828Mb	305.766Mb	537.355Mb	125.707Mb	1.012Mb	2023-01-31 16:15:30.781
357	1675174545.781	968.828Mb	307.246Mb	537.355Mb	124.227Mb	1.012Mb	2023-01-31 16:15:45.781
358	1675174560.781	968.828Mb	306.996Mb	537.355Mb	124.477Mb	1.012Mb	2023-01-31 16:16:00.781
359	1675174575.781	968.828Mb	306.461Mb	537.355Mb	125.012Mb	1.012Mb	2023-01-31 16:16:15.781
360	1675174590.781	968.828Mb	318.695Mb	561.449Mb	88.684Mb	1.012Mb	2023-01-31 16:16:30.781
361	1675174605.781	968.828Mb	318.395Mb	561.457Mb	88.977Mb	1.012Mb	2023-01-31 16:16:45.781
362	1675174620.781	968.828Mb	317.875Mb	570.035Mb	80.918Mb	1.012Mb	2023-01-31 16:17:00.781
363	1675174635.781	968.828Mb	318.758Mb	570.090Mb	79.980Mb	1.012Mb	2023-01-31 16:17:15.781
364	1675174650.781	968.828Mb	322.070Mb	570.090Mb	76.668Mb	1.012Mb	2023-01-31 16:17:30.781
365	1675174665.781	968.828Mb	309.184Mb	565.227Mb	94.418Mb	1.012Mb	2023-01-31 16:17:45.781
366	1675174680.781	968.828Mb	316.770Mb	565.230Mb	86.828Mb	1.012Mb	2023-01-31 16:18:00.781
367	1675174695.781	968.828Mb	317.711Mb	565.230Mb	85.887Mb	1.012Mb	2023-01-31 16:18:15.781
368	1675174710.781	968.828Mb	314.383Mb	565.812Mb	88.633Mb	1.012Mb	2023-01-31 16:18:30.781
369	1675174725.781	968.828Mb	322.184Mb	566.000Mb	80.645Mb	1.012Mb	2023-01-31 16:18:45.781
370	1675174740.781	968.828Mb	322.129Mb	566.043Mb	80.656Mb	1.012Mb	2023-01-31 16:19:00.781
371	1675174755.781	968.828Mb	310.289Mb	545.840Mb	112.699Mb	3.523Mb	2023-01-31 16:19:15.781
372	1675174770.781	968.828Mb	309.969Mb	545.848Mb	113.012Mb	3.523Mb	2023-01-31 16:19:30.781
373	1675174785.781	968.828Mb	317.254Mb	518.109Mb	133.465Mb	6.035Mb	2023-01-31 16:19:45.781
374	1675174800.781	968.828Mb	308.629Mb	521.875Mb	138.324Mb	25.652Mb	2023-01-31 16:20:00.781
375	1675174815.781	968.828Mb	299.672Mb	524.738Mb	144.418Mb	25.652Mb	2023-01-31 16:20:15.781
376	1675174830.781	968.828Mb	301.281Mb	524.773Mb	142.773Mb	25.652Mb	2023-01-31 16:20:30.781
377	1675174845.781	968.828Mb	304.570Mb	525.605Mb	138.652Mb	25.652Mb	2023-01-31 16:20:45.781
378	1675174860.781	968.828Mb	306.133Mb	470.082Mb	192.613Mb	33.652Mb	2023-01-31 16:21:00.781
379	1675174875.781	968.828Mb	306.512Mb	470.156Mb	192.160Mb	33.652Mb	2023-01-31 16:21:15.781
380	1675174890.781	968.828Mb	306.688Mb	470.199Mb	191.941Mb	33.652Mb	2023-01-31 16:21:30.781
381	1675174905.781	968.828Mb	300.047Mb	519.617Mb	149.164Mb	33.652Mb	2023-01-31 16:21:45.781
382	1675174920.781	968.828Mb	301.250Mb	519.645Mb	147.934Mb	33.652Mb	2023-01-31 16:22:00.781
383	1675174935.781	968.828Mb	300.934Mb	520.180Mb	147.715Mb	33.652Mb	2023-01-31 16:22:15.781
384	1675174950.781	968.828Mb	308.758Mb	532.715Mb	127.355Mb	33.652Mb	2023-01-31 16:22:30.781
385	1675174965.781	968.828Mb	309.465Mb	532.746Mb	126.617Mb	33.652Mb	2023-01-31 16:22:45.781
386	1675174980.781	968.828Mb	310.148Mb	532.773Mb	125.906Mb	33.652Mb	2023-01-31 16:23:00.781
387	1675174995.781	968.828Mb	310.121Mb	532.801Mb	125.906Mb	33.652Mb	2023-01-31 16:23:15.781
388	1675175010.781	968.828Mb	310.312Mb	532.828Mb	125.688Mb	33.652Mb	2023-01-31 16:23:30.781
389	1675175025.781	968.828Mb	310.766Mb	532.863Mb	125.199Mb	33.652Mb	2023-01-31 16:23:45.781
390	1675175040.781	968.828Mb	311.883Mb	532.949Mb	123.996Mb	33.652Mb	2023-01-31 16:24:00.781
391	1675175055.781	968.828Mb	311.781Mb	533.051Mb	123.996Mb	33.652Mb	2023-01-31 16:24:15.781
392	1675175070.781	968.828Mb	312.211Mb	533.113Mb	123.504Mb	33.652Mb	2023-01-31 16:24:30.781
393	1675175085.781	968.828Mb	312.156Mb	533.867Mb	122.805Mb	33.652Mb	2023-01-31 16:24:45.781
394	1675175100.781	968.828Mb	312.824Mb	533.910Mb	122.094Mb	33.652Mb	2023-01-31 16:25:00.781
395	1675175115.781	968.828Mb	312.789Mb	533.945Mb	122.094Mb	33.652Mb	2023-01-31 16:25:15.781
396	1675175130.781	968.828Mb	312.977Mb	533.977Mb	121.875Mb	33.652Mb	2023-01-31 16:25:30.781
397	1675175145.781	968.828Mb	312.930Mb	534.023Mb	121.875Mb	33.652Mb	2023-01-31 16:25:45.781
398	1675175160.781	968.828Mb	313.395Mb	534.051Mb	121.383Mb	33.652Mb	2023-01-31 16:26:00.781
399	1675175175.781	968.828Mb	313.594Mb	534.098Mb	121.137Mb	33.652Mb	2023-01-31 16:26:15.781
400	1675175190.781	968.828Mb	313.562Mb	534.129Mb	121.137Mb	33.652Mb	2023-01-31 16:26:30.781
401	1675175205.781	968.828Mb	313.762Mb	534.176Mb	120.891Mb	33.152Mb	2023-01-31 16:26:45.781
402	1675175220.781	968.828Mb	313.730Mb	534.207Mb	120.891Mb	33.152Mb	2023-01-31 16:27:00.781
403	1675175235.781	968.828Mb	313.691Mb	534.246Mb	120.891Mb	33.152Mb	2023-01-31 16:27:15.781
404	1675175250.781	968.828Mb	313.645Mb	534.293Mb	120.891Mb	33.152Mb	2023-01-31 16:27:30.781
405	1675175265.781	968.828Mb	313.848Mb	534.336Mb	120.645Mb	33.152Mb	2023-01-31 16:27:45.781
406	1675175280.781	968.828Mb	314.301Mb	534.375Mb	120.152Mb	33.152Mb	2023-01-31 16:28:00.781
407	1675175295.781	968.828Mb	314.262Mb	534.414Mb	120.152Mb	33.152Mb	2023-01-31 16:28:15.781
408	1675175310.781	968.828Mb	314.715Mb	534.453Mb	119.660Mb	33.152Mb	2023-01-31 16:28:30.781
409	1675175325.781	968.828Mb	314.926Mb	534.488Mb	119.414Mb	33.152Mb	2023-01-31 16:28:45.781
410	1675175340.781	968.828Mb	314.891Mb	534.520Mb	119.418Mb	33.152Mb	2023-01-31 16:29:00.781
411	1675175355.781	968.828Mb	315.598Mb	534.551Mb	118.680Mb	33.152Mb	2023-01-31 16:29:15.781
412	1675175370.781	968.828Mb	315.988Mb	534.613Mb	118.227Mb	33.152Mb	2023-01-31 16:29:30.781
413	1675175385.781	968.828Mb	315.844Mb	534.758Mb	118.227Mb	33.152Mb	2023-01-31 16:29:45.781
414	1675175400.781	968.828Mb	323.344Mb	538.184Mb	107.301Mb	33.152Mb	2023-01-31 16:30:00.781
415	1675175415.781	968.828Mb	323.199Mb	538.238Mb	107.391Mb	33.152Mb	2023-01-31 16:30:15.781
416	1675175430.781	968.828Mb	324.117Mb	538.266Mb	106.445Mb	33.152Mb	2023-01-31 16:30:30.781
417	1675175445.781	968.828Mb	323.789Mb	538.297Mb	106.742Mb	33.152Mb	2023-01-31 16:30:45.781
418	1675175460.781	968.828Mb	324.203Mb	538.328Mb	106.297Mb	33.152Mb	2023-01-31 16:31:00.781
419	1675175475.781	968.828Mb	324.641Mb	538.355Mb	105.832Mb	33.152Mb	2023-01-31 16:31:15.781
420	1675175490.781	968.828Mb	292.195Mb	547.391Mb	129.242Mb	18.402Mb	2023-01-31 16:31:30.781
421	1675175505.781	968.828Mb	292.168Mb	547.418Mb	129.242Mb	18.402Mb	2023-01-31 16:31:45.781
422	1675175520.781	968.828Mb	291.891Mb	547.449Mb	129.488Mb	18.402Mb	2023-01-31 16:32:00.781
423	1675175535.781	968.828Mb	291.332Mb	547.477Mb	130.020Mb	18.402Mb	2023-01-31 16:32:15.781
424	1675175550.781	968.828Mb	332.398Mb	566.082Mb	70.348Mb	18.402Mb	2023-01-31 16:32:30.781
425	1675175565.781	968.828Mb	330.465Mb	552.043Mb	86.320Mb	19.902Mb	2023-01-31 16:32:45.781
426	1675175580.781	968.828Mb	331.645Mb	552.082Mb	85.102Mb	19.902Mb	2023-01-31 16:33:00.781
427	1675175595.781	968.828Mb	331.848Mb	552.113Mb	84.867Mb	19.902Mb	2023-01-31 16:33:15.781
428	1675175610.781	968.828Mb	332.312Mb	552.141Mb	84.375Mb	19.902Mb	2023-01-31 16:33:30.781
429	1675175625.781	968.828Mb	332.773Mb	552.172Mb	83.883Mb	19.902Mb	2023-01-31 16:33:45.781
430	1675175640.781	968.828Mb	333.457Mb	552.199Mb	83.172Mb	19.902Mb	2023-01-31 16:34:00.781
431	1675175655.781	968.828Mb	334.164Mb	552.230Mb	82.434Mb	19.902Mb	2023-01-31 16:34:15.781
432	1675175670.781	968.828Mb	334.625Mb	552.262Mb	81.941Mb	19.902Mb	2023-01-31 16:34:30.781
433	1675175685.781	968.828Mb	294.805Mb	551.473Mb	122.551Mb	19.902Mb	2023-01-31 16:34:45.781
434	1675175700.781	968.828Mb	294.871Mb	551.406Mb	122.551Mb	19.902Mb	2023-01-31 16:35:00.781
435	1675175715.781	968.828Mb	295.055Mb	551.441Mb	122.332Mb	19.902Mb	2023-01-31 16:35:15.781
436	1675175730.781	968.828Mb	294.777Mb	551.473Mb	122.578Mb	19.902Mb	2023-01-31 16:35:30.781
437	1675175745.781	968.828Mb	294.723Mb	551.500Mb	122.605Mb	19.902Mb	2023-01-31 16:35:45.781
438	1675175760.781	968.828Mb	294.926Mb	551.531Mb	122.371Mb	19.902Mb	2023-01-31 16:36:00.781
439	1675175775.781	968.828Mb	295.117Mb	551.559Mb	122.152Mb	19.902Mb	2023-01-31 16:36:15.781
440	1675175790.781	968.828Mb	295.020Mb	551.656Mb	122.152Mb	19.902Mb	2023-01-31 16:36:30.781
441	1675175805.781	968.828Mb	294.992Mb	551.684Mb	122.152Mb	19.902Mb	2023-01-31 16:36:45.781
442	1675175820.781	968.828Mb	296.164Mb	551.715Mb	120.949Mb	19.902Mb	2023-01-31 16:37:00.781
443	1675175835.781	968.828Mb	296.355Mb	551.742Mb	120.730Mb	19.902Mb	2023-01-31 16:37:15.781
444	1675175850.781	968.828Mb	296.863Mb	551.961Mb	120.004Mb	19.902Mb	2023-01-31 16:37:30.781
445	1675175865.781	968.828Mb	297.180Mb	552.355Mb	119.293Mb	19.902Mb	2023-01-31 16:37:45.781
446	1675175880.781	968.828Mb	297.121Mb	552.414Mb	119.293Mb	19.902Mb	2023-01-31 16:38:00.781
447	1675175895.781	968.828Mb	297.543Mb	552.445Mb	118.840Mb	19.902Mb	2023-01-31 16:38:15.781
448	1675175910.781	968.828Mb	297.500Mb	552.488Mb	118.840Mb	19.902Mb	2023-01-31 16:38:30.781
449	1675175925.781	968.828Mb	293.914Mb	556.281Mb	118.633Mb	19.902Mb	2023-01-31 16:38:45.781
450	1675175940.781	968.828Mb	293.395Mb	556.309Mb	119.125Mb	19.902Mb	2023-01-31 16:39:00.781
451	1675175955.781	968.828Mb	293.609Mb	556.340Mb	118.879Mb	19.902Mb	2023-01-31 16:39:15.781
452	1675175970.781	968.828Mb	293.332Mb	556.367Mb	119.129Mb	19.902Mb	2023-01-31 16:39:30.781
453	1675175985.781	968.828Mb	292.559Mb	556.398Mb	119.871Mb	19.902Mb	2023-01-31 16:39:45.781
454	1675176000.781	968.828Mb	292.285Mb	556.426Mb	120.117Mb	19.902Mb	2023-01-31 16:40:00.781
455	1675176015.781	968.828Mb	296.254Mb	556.457Mb	116.117Mb	19.902Mb	2023-01-31 16:40:15.781
456	1675176030.781	968.828Mb	294.520Mb	556.484Mb	117.824Mb	19.902Mb	2023-01-31 16:40:30.781
457	1675176045.781	968.828Mb	294.633Mb	556.516Mb	117.680Mb	19.902Mb	2023-01-31 16:40:45.781
458	1675176060.781	968.828Mb	294.605Mb	556.543Mb	117.680Mb	19.902Mb	2023-01-31 16:41:00.781
459	1675176075.781	968.828Mb	295.066Mb	556.574Mb	117.188Mb	19.902Mb	2023-01-31 16:41:15.781
460	1675176090.781	968.828Mb	334.711Mb	558.332Mb	75.785Mb	19.902Mb	2023-01-31 16:41:30.781
461	1675176105.781	968.828Mb	334.559Mb	558.484Mb	75.785Mb	19.902Mb	2023-01-31 16:41:45.781
462	1675176120.781	968.828Mb	335.266Mb	558.516Mb	75.047Mb	19.902Mb	2023-01-31 16:42:00.781
463	1675176135.781	968.828Mb	335.977Mb	558.543Mb	74.309Mb	19.902Mb	2023-01-31 16:42:15.781
464	1675176150.781	968.828Mb	336.438Mb	558.574Mb	73.816Mb	19.902Mb	2023-01-31 16:42:30.781
465	1675176165.781	968.828Mb	336.652Mb	558.605Mb	73.570Mb	19.902Mb	2023-01-31 16:42:45.781
466	1675176180.781	968.828Mb	336.621Mb	558.637Mb	73.570Mb	19.902Mb	2023-01-31 16:43:00.781
467	1675176195.781	968.828Mb	336.832Mb	558.668Mb	73.328Mb	19.902Mb	2023-01-31 16:43:15.781
468	1675176210.781	968.828Mb	336.805Mb	558.695Mb	73.328Mb	19.902Mb	2023-01-31 16:43:30.781
469	1675176225.781	968.828Mb	298.207Mb	557.684Mb	112.938Mb	19.902Mb	2023-01-31 16:43:45.781
470	1675176240.781	968.828Mb	331.172Mb	558.043Mb	79.613Mb	19.902Mb	2023-01-31 16:44:00.781
471	1675176255.781	968.828Mb	331.145Mb	558.070Mb	79.613Mb	19.902Mb	2023-01-31 16:44:15.781
472	1675176270.781	968.828Mb	331.551Mb	558.117Mb	79.160Mb	19.902Mb	2023-01-31 16:44:30.781
473	1675176285.781	968.828Mb	331.531Mb	558.137Mb	79.160Mb	19.902Mb	2023-01-31 16:44:45.781
474	1675176300.781	968.828Mb	331.422Mb	560.172Mb	77.234Mb	19.902Mb	2023-01-31 16:45:00.781
475	1675176315.781	968.828Mb	331.422Mb	560.172Mb	77.234Mb	19.902Mb	2023-01-31 16:45:15.781
476	1675176330.781	968.828Mb	331.422Mb	560.172Mb	77.234Mb	19.902Mb	2023-01-31 16:45:30.781
477	1675176345.781	968.828Mb	331.422Mb	560.172Mb	77.234Mb	19.902Mb	2023-01-31 16:45:45.781
478	1675176360.781	968.828Mb	331.422Mb	560.172Mb	77.234Mb	19.902Mb	2023-01-31 16:46:00.781
479	1675176375.781	968.828Mb	331.422Mb	560.172Mb	77.234Mb	19.902Mb	2023-01-31 16:46:15.781
480	1675176390.781	968.828Mb	331.422Mb	560.172Mb	77.234Mb	19.902Mb	2023-01-31 16:46:30.781
481	1675176405.781	968.828Mb	331.422Mb	560.172Mb	77.234Mb	19.902Mb	2023-01-31 16:46:45.781
482	1675176420.781	968.828Mb	331.422Mb	560.172Mb	77.234Mb	19.902Mb	2023-01-31 16:47:00.781
483	1675176435.781	968.828Mb	331.422Mb	560.172Mb	77.234Mb	19.902Mb	2023-01-31 16:47:15.781
484	1675176450.781	968.828Mb	331.422Mb	560.172Mb	77.234Mb	19.902Mb	2023-01-31 16:47:30.781
485	1675176465.781	968.828Mb	331.422Mb	560.172Mb	77.234Mb	19.902Mb	2023-01-31 16:47:45.781
486	1675176480.781	968.828Mb	331.422Mb	560.172Mb	77.234Mb	19.902Mb	2023-01-31 16:48:00.781
487	1675176495.781	968.828Mb	331.422Mb	560.172Mb	77.234Mb	19.902Mb	2023-01-31 16:48:15.781
488	1675176510.781	968.828Mb	331.422Mb	560.172Mb	77.234Mb	19.902Mb	2023-01-31 16:48:30.781
489	1675176525.781	968.828Mb	331.422Mb	560.172Mb	77.234Mb	19.902Mb	2023-01-31 16:48:45.781
490	1675176540.781	968.828Mb	331.422Mb	560.172Mb	77.234Mb	19.902Mb	2023-01-31 16:49:00.781
491	1675176555.781	968.828Mb	331.422Mb	560.172Mb	77.234Mb	19.902Mb	2023-01-31 16:49:15.781
492	1675176570.781	968.828Mb	331.422Mb	560.172Mb	77.234Mb	19.902Mb	2023-01-31 16:49:30.781
493	1675176585.781	968.828Mb	331.422Mb	560.172Mb	77.234Mb	19.902Mb	2023-01-31 16:49:45.781
494	1675253085.781	1975.328Mb	284.770Mb	455.594Mb	1234.965Mb	0.000Mb	2023-02-01 14:04:45.781
495	1675253100.781	1975.328Mb	278.820Mb	467.191Mb	1229.316Mb	0.000Mb	2023-02-01 14:05:00.781
496	1675253115.781	1975.328Mb	283.582Mb	481.934Mb	1209.812Mb	0.000Mb	2023-02-01 14:05:15.781
497	1675253130.781	1975.328Mb	282.301Mb	481.984Mb	1211.043Mb	0.000Mb	2023-02-01 14:05:30.781
498	1675253145.781	1975.328Mb	283.227Mb	482.016Mb	1210.086Mb	0.000Mb	2023-02-01 14:05:45.781
499	1675253250.781	1975.328Mb	242.680Mb	446.492Mb	1286.156Mb	0.000Mb	2023-02-01 14:07:30.781
500	1675253265.781	1975.328Mb	242.566Mb	446.824Mb	1285.938Mb	0.000Mb	2023-02-01 14:07:45.781
501	1675253280.781	1975.328Mb	249.004Mb	459.867Mb	1266.457Mb	0.000Mb	2023-02-01 14:08:00.781
502	1675253295.781	1975.328Mb	249.188Mb	459.902Mb	1266.238Mb	0.000Mb	2023-02-01 14:08:15.781
503	1675253310.781	1975.328Mb	259.914Mb	460.914Mb	1254.500Mb	0.000Mb	2023-02-01 14:08:30.781
504	1675253325.781	1975.328Mb	259.883Mb	460.945Mb	1254.500Mb	0.000Mb	2023-02-01 14:08:45.781
505	1675253340.781	1975.328Mb	259.578Mb	460.988Mb	1254.762Mb	0.000Mb	2023-02-01 14:09:00.781
506	1675253355.781	1975.328Mb	256.289Mb	461.020Mb	1258.020Mb	0.000Mb	2023-02-01 14:09:15.781
507	1675253370.781	1975.328Mb	256.508Mb	461.047Mb	1257.773Mb	0.000Mb	2023-02-01 14:09:30.781
508	1675253385.781	1975.328Mb	256.574Mb	461.199Mb	1257.555Mb	0.000Mb	2023-02-01 14:09:45.781
509	1675253400.781	1975.328Mb	257.039Mb	461.227Mb	1257.062Mb	0.000Mb	2023-02-01 14:10:00.781
510	1675253415.781	1975.328Mb	257.469Mb	461.258Mb	1256.602Mb	0.000Mb	2023-02-01 14:10:15.781
511	1675253430.781	1975.328Mb	267.973Mb	461.672Mb	1245.684Mb	0.000Mb	2023-02-01 14:10:30.781
512	1675253445.781	1975.328Mb	267.148Mb	461.703Mb	1246.477Mb	0.000Mb	2023-02-01 14:10:45.781
513	1675253460.781	1975.328Mb	267.820Mb	461.730Mb	1245.777Mb	0.000Mb	2023-02-01 14:11:00.781
514	1675253475.781	1975.328Mb	266.738Mb	461.762Mb	1246.828Mb	0.000Mb	2023-02-01 14:11:15.781
515	1675253490.781	1975.328Mb	266.707Mb	461.789Mb	1246.832Mb	0.000Mb	2023-02-01 14:11:30.781
516	1675253505.781	1975.328Mb	265.508Mb	461.711Mb	1248.109Mb	0.000Mb	2023-02-01 14:11:45.781
517	1675253520.781	1975.328Mb	270.004Mb	475.902Mb	1229.422Mb	0.000Mb	2023-02-01 14:12:00.781
518	1675253535.781	1975.328Mb	280.230Mb	476.168Mb	1218.930Mb	0.000Mb	2023-02-01 14:12:15.781
519	1675253550.781	1975.328Mb	280.656Mb	476.195Mb	1218.477Mb	0.000Mb	2023-02-01 14:12:30.781
520	1675253565.781	1975.328Mb	280.625Mb	476.227Mb	1218.477Mb	0.000Mb	2023-02-01 14:12:45.781
521	1675253580.781	1975.328Mb	280.809Mb	476.262Mb	1218.258Mb	0.000Mb	2023-02-01 14:13:00.781
522	1675253595.781	1975.328Mb	318.758Mb	486.211Mb	1170.359Mb	0.000Mb	2023-02-01 14:13:15.781
523	1675253610.781	1975.328Mb	516.469Mb	561.062Mb	897.797Mb	0.000Mb	2023-02-01 14:13:30.781
524	1675253625.781	1975.328Mb	517.180Mb	561.090Mb	897.059Mb	0.000Mb	2023-02-01 14:13:45.781
525	1675253640.781	1975.328Mb	517.395Mb	561.121Mb	896.812Mb	0.000Mb	2023-02-01 14:14:00.781
526	1675253655.781	1975.328Mb	518.078Mb	561.148Mb	896.102Mb	0.000Mb	2023-02-01 14:14:15.781
527	1675253670.781	1975.328Mb	518.047Mb	561.180Mb	896.102Mb	0.000Mb	2023-02-01 14:14:30.781
528	1675253685.781	1975.328Mb	518.016Mb	561.211Mb	896.102Mb	0.000Mb	2023-02-01 14:14:45.781
529	1675253700.781	1975.328Mb	518.699Mb	561.238Mb	895.391Mb	0.000Mb	2023-02-01 14:15:00.781
530	1675253715.781	1975.328Mb	518.879Mb	561.305Mb	895.145Mb	0.000Mb	2023-02-01 14:15:15.781
531	1675253730.781	1975.328Mb	518.852Mb	561.332Mb	895.145Mb	0.000Mb	2023-02-01 14:15:30.781
532	1675253745.781	1975.328Mb	519.062Mb	561.367Mb	894.898Mb	0.000Mb	2023-02-01 14:15:45.781
533	1675253760.781	1975.328Mb	520.266Mb	561.395Mb	893.668Mb	0.000Mb	2023-02-01 14:16:00.781
534	1675253775.781	1975.328Mb	521.711Mb	561.426Mb	892.191Mb	0.000Mb	2023-02-01 14:16:15.781
535	1675253790.781	1975.328Mb	521.684Mb	561.453Mb	892.191Mb	0.000Mb	2023-02-01 14:16:30.781
536	1675253805.781	1975.328Mb	521.652Mb	561.484Mb	892.191Mb	0.000Mb	2023-02-01 14:16:45.781
537	1675253820.781	1975.328Mb	522.609Mb	561.512Mb	891.207Mb	0.000Mb	2023-02-01 14:17:00.781
538	1675253835.781	1975.328Mb	523.543Mb	561.562Mb	890.223Mb	0.000Mb	2023-02-01 14:17:15.781
539	1675253850.781	1975.328Mb	523.988Mb	561.609Mb	889.730Mb	0.000Mb	2023-02-01 14:17:30.781
540	1675253865.781	1975.328Mb	524.176Mb	561.641Mb	889.512Mb	0.000Mb	2023-02-01 14:17:45.781
541	1675253880.781	1975.328Mb	524.637Mb	561.672Mb	889.020Mb	0.000Mb	2023-02-01 14:18:00.781
542	1675253895.781	1975.328Mb	524.855Mb	561.699Mb	888.773Mb	0.000Mb	2023-02-01 14:18:15.781
543	1675253910.781	1975.328Mb	524.824Mb	561.730Mb	888.773Mb	0.000Mb	2023-02-01 14:18:30.781
544	1675253925.781	1975.328Mb	524.797Mb	561.758Mb	888.773Mb	0.000Mb	2023-02-01 14:18:45.781
545	1675253940.781	1975.328Mb	525.215Mb	561.793Mb	888.320Mb	0.000Mb	2023-02-01 14:19:00.781
546	1675253955.781	1975.328Mb	524.859Mb	561.820Mb	888.648Mb	0.000Mb	2023-02-01 14:19:15.781
547	1675253970.781	1975.328Mb	526.191Mb	562.016Mb	887.121Mb	0.000Mb	2023-02-01 14:19:30.781
548	1675253985.781	1975.328Mb	524.930Mb	562.047Mb	888.352Mb	0.000Mb	2023-02-01 14:19:45.781
549	1675254000.781	1975.328Mb	525.145Mb	562.074Mb	888.109Mb	0.000Mb	2023-02-01 14:20:00.781
550	1675254015.781	1975.328Mb	526.980Mb	562.141Mb	886.207Mb	0.000Mb	2023-02-01 14:20:15.781
551	1675254030.781	1975.328Mb	526.953Mb	562.168Mb	886.207Mb	0.000Mb	2023-02-01 14:20:30.781
552	1675254045.781	1975.328Mb	526.672Mb	562.199Mb	886.457Mb	0.000Mb	2023-02-01 14:20:45.781
553	1675254060.781	1975.328Mb	526.363Mb	562.230Mb	886.734Mb	0.000Mb	2023-02-01 14:21:00.781
554	1675254075.781	1975.328Mb	517.781Mb	1380.691Mb	76.855Mb	0.262Mb	2023-02-01 14:21:15.781
555	1675254090.781	1975.328Mb	503.176Mb	1397.641Mb	74.512Mb	0.262Mb	2023-02-01 14:21:30.781
556	1675254105.781	1975.328Mb	504.652Mb	1397.840Mb	72.836Mb	0.262Mb	2023-02-01 14:21:45.781
557	1675254120.781	1975.328Mb	504.574Mb	1397.918Mb	72.836Mb	0.262Mb	2023-02-01 14:22:00.781
558	1675254135.781	1975.328Mb	505.684Mb	1399.926Mb	69.719Mb	0.262Mb	2023-02-01 14:22:15.781
559	1675254150.781	1975.328Mb	528.316Mb	1367.176Mb	79.836Mb	0.512Mb	2023-02-01 14:22:30.781
560	1675254165.781	1975.328Mb	492.539Mb	1405.645Mb	77.145Mb	0.762Mb	2023-02-01 14:22:45.781
561	1675254180.781	1975.328Mb	490.566Mb	1408.168Mb	76.594Mb	0.762Mb	2023-02-01 14:23:00.781
562	1675254195.781	1975.328Mb	491.477Mb	1410.375Mb	73.477Mb	0.762Mb	2023-02-01 14:23:15.781
563	1675254210.781	1975.328Mb	502.105Mb	1392.000Mb	81.223Mb	0.762Mb	2023-02-01 14:23:30.781
564	1675254225.781	1975.328Mb	502.914Mb	1393.117Mb	79.297Mb	0.762Mb	2023-02-01 14:23:45.781
565	1675254240.781	1975.328Mb	502.492Mb	1394.562Mb	78.273Mb	0.762Mb	2023-02-01 14:24:00.781
566	1675254255.781	1975.328Mb	504.281Mb	1397.172Mb	73.875Mb	0.762Mb	2023-02-01 14:24:15.781
567	1675254270.781	1975.328Mb	507.055Mb	1397.305Mb	70.969Mb	0.762Mb	2023-02-01 14:24:30.781
568	1675254285.781	1975.328Mb	524.145Mb	1370.031Mb	81.152Mb	0.762Mb	2023-02-01 14:24:45.781
569	1675254300.781	1975.328Mb	522.758Mb	1372.625Mb	79.945Mb	0.762Mb	2023-02-01 14:25:00.781
570	1675254315.781	1975.328Mb	524.402Mb	1372.641Mb	78.285Mb	0.762Mb	2023-02-01 14:25:15.781
571	1675254330.781	1975.328Mb	524.844Mb	1372.938Mb	77.547Mb	0.762Mb	2023-02-01 14:25:30.781
572	1675254345.781	1975.328Mb	523.773Mb	1375.434Mb	76.121Mb	0.762Mb	2023-02-01 14:25:45.781
573	1675254360.781	1975.328Mb	523.871Mb	1375.574Mb	75.883Mb	0.762Mb	2023-02-01 14:26:00.781
574	1675254375.781	1975.328Mb	524.031Mb	1375.598Mb	75.699Mb	0.762Mb	2023-02-01 14:26:15.781
575	1675254390.781	1975.328Mb	521.562Mb	1378.035Mb	75.730Mb	0.762Mb	2023-02-01 14:26:30.781
576	1675254405.781	1975.328Mb	523.328Mb	1378.184Mb	73.816Mb	0.762Mb	2023-02-01 14:26:45.781
577	1675254420.781	1975.328Mb	525.461Mb	1378.199Mb	71.668Mb	0.762Mb	2023-02-01 14:27:00.781
578	1675254435.781	1975.328Mb	524.449Mb	1380.637Mb	70.242Mb	0.762Mb	2023-02-01 14:27:15.781
579	1675254450.781	1975.328Mb	525.988Mb	1380.766Mb	68.574Mb	0.762Mb	2023-02-01 14:27:30.781
580	1675254465.781	1975.328Mb	527.656Mb	1380.781Mb	66.891Mb	0.762Mb	2023-02-01 14:27:45.781
581	1675254480.781	1975.328Mb	525.980Mb	1383.621Mb	65.727Mb	0.762Mb	2023-02-01 14:28:00.781
582	1675254495.781	1975.328Mb	526.492Mb	1383.809Mb	65.027Mb	0.762Mb	2023-02-01 14:28:15.781
583	1675254510.781	1975.328Mb	527.012Mb	1384.004Mb	64.312Mb	0.762Mb	2023-02-01 14:28:30.781
584	1675254525.781	1975.328Mb	527.684Mb	1384.020Mb	63.625Mb	0.762Mb	2023-02-01 14:28:45.781
585	1675254540.781	1975.328Mb	513.719Mb	1386.211Mb	75.398Mb	0.762Mb	2023-02-01 14:29:00.781
586	1675254555.781	1975.328Mb	514.879Mb	1386.227Mb	74.223Mb	0.762Mb	2023-02-01 14:29:15.781
587	1675254570.781	1975.328Mb	515.258Mb	1386.328Mb	73.742Mb	0.762Mb	2023-02-01 14:29:30.781
588	1675254585.781	1975.328Mb	515.930Mb	1388.816Mb	70.582Mb	0.762Mb	2023-02-01 14:29:45.781
589	1675254600.781	1975.328Mb	517.227Mb	1388.961Mb	69.141Mb	0.762Mb	2023-02-01 14:30:00.781
590	1675254615.781	1975.328Mb	516.957Mb	1388.977Mb	69.395Mb	0.762Mb	2023-02-01 14:30:15.781
591	1675254630.781	1975.328Mb	520.359Mb	1388.992Mb	65.977Mb	0.762Mb	2023-02-01 14:30:30.781
592	1675254645.781	1975.328Mb	521.238Mb	1389.320Mb	64.770Mb	0.762Mb	2023-02-01 14:30:45.781
593	1675254660.781	1975.328Mb	521.969Mb	1389.520Mb	63.840Mb	0.762Mb	2023-02-01 14:31:00.781
594	1675254675.781	1975.328Mb	523.160Mb	1389.535Mb	62.633Mb	0.762Mb	2023-02-01 14:31:15.781
595	1675254690.781	1975.328Mb	510.555Mb	1388.746Mb	76.027Mb	0.762Mb	2023-02-01 14:31:30.781
596	1675254705.781	1975.328Mb	511.023Mb	1388.770Mb	75.535Mb	0.762Mb	2023-02-01 14:31:45.781
597	1675254720.781	1975.328Mb	512.977Mb	1388.785Mb	73.566Mb	0.762Mb	2023-02-01 14:32:00.781
598	1675254735.781	1975.328Mb	513.199Mb	1388.809Mb	73.320Mb	0.762Mb	2023-02-01 14:32:15.781
599	1675254750.781	1975.328Mb	510.062Mb	873.980Mb	591.285Mb	0.762Mb	2023-02-01 14:32:30.781
600	1675254765.781	1975.328Mb	510.027Mb	874.016Mb	591.285Mb	0.762Mb	2023-02-01 14:32:45.781
